[
    {
        "idName": "city.alamogordo",
        "token": "000EE6EC39E08E73",
        "fullName": "Alamogordo",
        "country": "New_mexico"
    },
    {
        "idName": "city.albuquerque",
        "token": "016131E32D031CB7",
        "fullName": "Albuquerque",
        "country": "New_mexico"
    },
    {
        "idName": "city.artesia",
        "token": "0000000813833743",
        "fullName": "Artesia",
        "country": "New_mexico"
    },
    {
        "idName": "city.bakersfield",
        "token": "01456B220C43F76A",
        "fullName": "Bakersfield",
        "country": "California"
    },
    {
        "idName": "city.barstow",
        "token": "000000179C443F16",
        "fullName": "Barstow",
        "country": "California"
    },
    {
        "idName": "city.camp_verde",
        "token": "00090843C94B336B",
        "fullName": "Camp Verde",
        "country": "Arizona"
    },
    {
        "idName": "city.carlsbad",
        "token": "0000017CE647283F",
        "fullName": "Carlsbad",
        "country": "California"
    },
    {
        "idName": "city.carlsbad_nm",
        "token": "020FAC1F4EE5B93F",
        "fullName": "Carlsbad",
        "country": "New_mexico"
    },
    {
        "idName": "city.carson_city",
        "token": "031E927F390C8CE7",
        "fullName": "Carson City",
        "country": "Nevada"
    },
    {
        "idName": "city.clovis",
        "token": "000000008B6DD265",
        "fullName": "Clovis",
        "country": "New_mexico"
    },
    {
        "idName": "city.ehrenberg",
        "token": "0000462DBD99BE93",
        "fullName": "Ehrenberg",
        "country": "Arizona"
    },
    {
        "idName": "city.elko",
        "token": "000000000015685F",
        "fullName": "Elko",
        "country": "Nevada"
    },
    {
        "idName": "city.ely",
        "token": "000000000000C8BF",
        "fullName": "Ely",
        "country": "Nevada"
    },
    {
        "idName": "city.el_centro",
        "token": "000065DADDFBFDEF",
        "fullName": "El Centro",
        "country": "California"
    },
    {
        "idName": "city.eureka",
        "token": "00000000369CB431",
        "fullName": "Eureka",
        "country": "California"
    },
    {
        "idName": "city.farmington",
        "token": "000E7C57F1814EFA",
        "fullName": "Farmington",
        "country": "New_mexico"
    },
    {
        "idName": "city.flagstaff",
        "token": "000040F74C5DBC08",
        "fullName": "Flagstaff",
        "country": "Arizona"
    },
    {
        "idName": "city.fresno",
        "token": "0000000079260BAC",
        "fullName": "Fresno",
        "country": "California"
    },
    {
        "idName": "city.gallup",
        "token": "000000007EB8140B",
        "fullName": "Gallup",
        "country": "New_mexico"
    },
    {
        "idName": "city.g_canyon_vlg",
        "token": "3A46E592FF12908B",
        "fullName": "Grand Canyon Village",
        "country": "Arizona"
    },
    {
        "idName": "city.hobbs",
        "token": "0000000003A50268",
        "fullName": "Hobbs",
        "country": "New_mexico"
    },
    {
        "idName": "city.holbrook",
        "token": "000002416DF05AE0",
        "fullName": "Holbrook",
        "country": "Arizona"
    },
    {
        "idName": "city.hornbrook",
        "token": "000055B651AF3BF8",
        "fullName": "Hornbrook",
        "country": "California"
    },
    {
        "idName": "city.huron",
        "token": "0000000003112AB4",
        "fullName": "Huron",
        "country": "California"
    },
    {
        "idName": "city.jackpot",
        "token": "00000015815838C2",
        "fullName": "Jackpot",
        "country": "Nevada"
    },
    {
        "idName": "city.kayenta",
        "token": "0000000846D797CB",
        "fullName": "Kayenta",
        "country": "Arizona"
    },
    {
        "idName": "city.kingman",
        "token": "000000110A0BC0AF",
        "fullName": "Kingman",
        "country": "Arizona"
    },
    {
        "idName": "city.las_cruces",
        "token": "00114262D263CE94",
        "fullName": "Las Cruces",
        "country": "New_mexico"
    },
    {
        "idName": "city.las_vegas",
        "token": "000073DDEC22C364",
        "fullName": "Las Vegas",
        "country": "Nevada"
    },
    {
        "idName": "city.los_angeles",
        "token": "028FFC902BB08788",
        "fullName": "Los Angeles",
        "country": "California"
    },
    {
        "idName": "city.nogales",
        "token": "000000149E1F1BBA",
        "fullName": "Nogales",
        "country": "Arizona"
    },
    {
        "idName": "city.oakdale",
        "token": "0000000AED4D8AAF",
        "fullName": "Oakdale",
        "country": "California"
    },
    {
        "idName": "city.oakland",
        "token": "0000000A434F0FEF",
        "fullName": "Oakland",
        "country": "California"
    },
    {
        "idName": "city.oxnard",
        "token": "0000000045A3154D",
        "fullName": "Oxnard",
        "country": "California"
    },
    {
        "idName": "city.page",
        "token": "00000000000CF0C8",
        "fullName": "Page",
        "country": "Arizona"
    },
    {
        "idName": "city.pajarito",
        "token": "000002AF61BA7234",
        "fullName": "Pajarito Rest Area",
        "country": "New_mexico"
    },
    {
        "idName": "city.pedro",
        "token": "0000000003332D7C",
        "fullName": "Pedro Travel Center",
        "country": "New_mexico"
    },
    {
        "idName": "city.phoenix",
        "token": "00000018329A9C12",
        "fullName": "Phoenix",
        "country": "Arizona"
    },
    {
        "idName": "city.pioche",
        "token": "00000000491FA328",
        "fullName": "Pioche",
        "country": "Nevada"
    },
    {
        "idName": "city.primm",
        "token": "0000000002EF79C6",
        "fullName": "Primm",
        "country": "Nevada"
    },
    {
        "idName": "city.raton",
        "token": "000000000311330E",
        "fullName": "Raton",
        "country": "New_mexico"
    },
    {
        "idName": "city.redding",
        "token": "0000000C5EAC798E",
        "fullName": "Redding",
        "country": "California"
    },
    {
        "idName": "city.reno",
        "token": "000000000015784E",
        "fullName": "Reno",
        "country": "Nevada"
    },
    {
        "idName": "city.roswell",
        "token": "0000000FD61F9A6E",
        "fullName": "Roswell",
        "country": "New_mexico"
    },
    {
        "idName": "city.sacramento",
        "token": "000F25BF8CBA36C3",
        "fullName": "Sacramento",
        "country": "California"
    },
    {
        "idName": "city.santa_cruz",
        "token": "00159F0258A0133F",
        "fullName": "Santa Cruz",
        "country": "California"
    },
    {
        "idName": "city.santa_fe",
        "token": "0000019B7F2A577F",
        "fullName": "Santa Fe",
        "country": "New_mexico"
    },
    {
        "idName": "city.santa_maria",
        "token": "0100F0EF705E4F3F",
        "fullName": "Santa Maria",
        "country": "California"
    },
    {
        "idName": "city.san_diego",
        "token": "000064AB39A28617",
        "fullName": "San Diego",
        "country": "California"
    },
    {
        "idName": "city.san_francisc",
        "token": "2D9CB726BC363B17",
        "fullName": "San Francisco",
        "country": "California"
    },
    {
        "idName": "city.san_rafael",
        "token": "000D264B1F63F937",
        "fullName": "San Rafael",
        "country": "California"
    },
    {
        "idName": "city.san_simon",
        "token": "00006191A8388307",
        "fullName": "San Simon",
        "country": "Arizona"
    },
    {
        "idName": "city.show_low",
        "token": "000003810D5C2275",
        "fullName": "Show Low",
        "country": "Arizona"
    },
    {
        "idName": "city.sierra_vista",
        "token": "2719D4615C34334B",
        "fullName": "Sierra Vista",
        "country": "Arizona"
    },
    {
        "idName": "city.socorro",
        "token": "000000120E72183F",
        "fullName": "Socorro",
        "country": "New_mexico"
    },
    {
        "idName": "city.stockton",
        "token": "000002916FC96DDD",
        "fullName": "Stockton",
        "country": "California"
    },
    {
        "idName": "city.tonopah",
        "token": "0000000CD5A6720C",
        "fullName": "Tonopah",
        "country": "Nevada"
    },
    {
        "idName": "city.truckee",
        "token": "0000000ACD7BDF4A",
        "fullName": "Truckee",
        "country": "California"
    },
    {
        "idName": "city.tucson",
        "token": "00000000748CC994",
        "fullName": "Tucson",
        "country": "Arizona"
    },
    {
        "idName": "city.tucumcari",
        "token": "00004E138D9951C4",
        "fullName": "Tucumcari",
        "country": "New_mexico"
    },
    {
        "idName": "city.ukiah",
        "token": "0000000002465751",
        "fullName": "Ukiah",
        "country": "California"
    },
    {
        "idName": "city.winnemucca",
        "token": "0006A9BD7348DB63",
        "fullName": "Winnemucca",
        "country": "Nevada"
    },
    {
        "idName": "city.yuma",
        "token": "000000000009BC41",
        "fullName": "Yuma",
        "country": "Arizona"
    }
]