[
    {
        "idName": "city.aalborg",
        "token": "0000000C724E0135",
        "fullName": "Aalborg",
        "country": "Denmark"
    },
    {
        "idName": "city.aberdeen",
        "token": "0000028A25771E4F",
        "fullName": "Aberdeen",
        "country": "Uk"
    },
    {
        "idName": "city.alban",
        "token": "0000000003051647",
        "fullName": "Saint-Alban-du-Rhône",
        "country": "France"
    },
    {
        "idName": "city.amsterdam",
        "token": "00005C22415CF2C9",
        "fullName": "Amsterdam",
        "country": "Netherlands"
    },
    {
        "idName": "city.ancona",
        "token": "0000000037043127",
        "fullName": "Ancona",
        "country": "Italy"
    },
    {
        "idName": "city.bari",
        "token": "0000000000108826",
        "fullName": "Bari",
        "country": "Italy"
    },
    {
        "idName": "city.bergen",
        "token": "000000007344E4FE",
        "fullName": "Bergen",
        "country": "Norway"
    },
    {
        "idName": "city.berlin",
        "token": "0000000073C858F6",
        "fullName": "Berlin",
        "country": "Germany"
    },
    {
        "idName": "city.bern",
        "token": "000000000014B876",
        "fullName": "Bern",
        "country": "Switzerland"
    },
    {
        "idName": "city.bialystok",
        "token": "000055B9DA96368A",
        "fullName": "Białystok",
        "country": "Poland"
    },
    {
        "idName": "city.birmingham",
        "token": "000DAD78B597BA26",
        "fullName": "Birmingham",
        "country": "Uk"
    },
    {
        "idName": "city.bologna",
        "token": "0000000829AAC642",
        "fullName": "Bologna",
        "country": "Italy"
    },
    {
        "idName": "city.bordeaux",
        "token": "0000039FAF1BAB52",
        "fullName": "Bordeaux",
        "country": "France"
    },
    {
        "idName": "city.bourges",
        "token": "000000149D8E912E",
        "fullName": "Bourges",
        "country": "France"
    },
    {
        "idName": "city.bratislava",
        "token": "0006F4A3A90ED7A0",
        "fullName": "Bratislava",
        "country": "Slovakia"
    },
    {
        "idName": "city.bremen",
        "token": "000000007349A3A8",
        "fullName": "Bremen",
        "country": "Germany"
    },
    {
        "idName": "city.brest",
        "token": "0000000003D320A8",
        "fullName": "Brest",
        "country": "France"
    },
    {
        "idName": "city.brno",
        "token": "0000000000157A2C",
        "fullName": "Brno",
        "country": "Czech"
    },
    {
        "idName": "city.brussel",
        "token": "0000000FB6CA80F8",
        "fullName": "Brussel",
        "country": "Belgium"
    },
    {
        "idName": "city.budapest",
        "token": "00000333CD9F84E6",
        "fullName": "Budapest",
        "country": "Hungary"
    },
    {
        "idName": "city.bystrica",
        "token": "0000012E831211C2",
        "fullName": "Banská Bystrica",
        "country": "Slovakia"
    },
    {
        "idName": "city.calais",
        "token": "000000008B5C2A9F",
        "fullName": "Calais",
        "country": "France"
    },
    {
        "idName": "city.cambridge",
        "token": "00003D1F89C4786B",
        "fullName": "Cambridge",
        "country": "Uk"
    },
    {
        "idName": "city.cardiff",
        "token": "0000000B856D469F",
        "fullName": "Cardiff",
        "country": "Uk"
    },
    {
        "idName": "city.carlisle",
        "token": "0000019F8F25763F",
        "fullName": "Carlisle",
        "country": "Uk"
    },
    {
        "idName": "city.cassino",
        "token": "00000011FA734EAB",
        "fullName": "Cassino",
        "country": "Italy"
    },
    {
        "idName": "city.catania",
        "token": "0000000812E0C60F",
        "fullName": "Catania",
        "country": "Italy"
    },
    {
        "idName": "city.catanzaro",
        "token": "000065CDC5EB476F",
        "fullName": "Catanzaro",
        "country": "Italy"
    },
    {
        "idName": "city.civaux",
        "token": "00000000A4775AD7",
        "fullName": "Civaux",
        "country": "France"
    },
    {
        "idName": "city.clermont",
        "token": "000003307B346E5D",
        "fullName": "Clermont-Ferrand",
        "country": "France"
    },
    {
        "idName": "city.debrecen",
        "token": "0000028A1C24CE28",
        "fullName": "Debrecen",
        "country": "Hungary"
    },
    {
        "idName": "city.dijon",
        "token": "000000000310FBC8",
        "fullName": "Dijon",
        "country": "France"
    },
    {
        "idName": "city.dortmund",
        "token": "000001865C58BF14",
        "fullName": "Dortmund",
        "country": "Germany"
    },
    {
        "idName": "city.dover",
        "token": "000000000388252C",
        "fullName": "Dover",
        "country": "Uk"
    },
    {
        "idName": "city.dresden",
        "token": "000000111BDB634A",
        "fullName": "Dresden",
        "country": "Germany"
    },
    {
        "idName": "city.duisburg",
        "token": "000001D913F06CAC",
        "fullName": "Duisburg",
        "country": "Germany"
    },
    {
        "idName": "city.dusseldorf",
        "token": "0009D59288494D64",
        "fullName": "Düsseldorf",
        "country": "Germany"
    },
    {
        "idName": "city.edinburgh",
        "token": "0000490676D48C6F",
        "fullName": "Edinburgh",
        "country": "Uk"
    },
    {
        "idName": "city.erfurt",
        "token": "0000000091442C1F",
        "fullName": "Erfurt",
        "country": "Germany"
    },
    {
        "idName": "city.esbjerg",
        "token": "0000000C7116539D",
        "fullName": "Esbjerg",
        "country": "Denmark"
    },
    {
        "idName": "city.europoort",
        "token": "0000799CE1D04A71",
        "fullName": "Europoort",
        "country": "Netherlands"
    },
    {
        "idName": "city.felixstowe",
        "token": "00095320032125EA",
        "fullName": "Felixstowe",
        "country": "Uk"
    },
    {
        "idName": "city.firenze",
        "token": "0000000B310A9CBA",
        "fullName": "Firenze",
        "country": "Italy"
    },
    {
        "idName": "city.frankfurt",
        "token": "000079A0EB7A2894",
        "fullName": "Frankfurt am Main",
        "country": "Germany"
    },
    {
        "idName": "city.frederikshv",
        "token": "02D4C5AA02874F54",
        "fullName": "Frederikshavn",
        "country": "Denmark"
    },
    {
        "idName": "city.gdansk",
        "token": "0000000066DCB721",
        "fullName": "Gdańsk",
        "country": "Poland"
    },
    {
        "idName": "city.gdyne",
        "token": "0000000001F21FC1",
        "fullName": "Gdynia",
        "country": "Poland"
    },
    {
        "idName": "city.gedser",
        "token": "000000008632C3AB",
        "fullName": "Gedser",
        "country": "Denmark"
    },
    {
        "idName": "city.geneve",
        "token": "000000004ADEB873",
        "fullName": "Genève",
        "country": "Switzerland"
    },
    {
        "idName": "city.genova",
        "token": "000000003802F663",
        "fullName": "Genova",
        "country": "Italy"
    },
    {
        "idName": "city.glasgow",
        "token": "000000179AA64309",
        "fullName": "Glasgow",
        "country": "Uk"
    },
    {
        "idName": "city.golfech",
        "token": "0000000CDDB2F2AF",
        "fullName": "Golfech",
        "country": "France"
    },
    {
        "idName": "city.goteborg",
        "token": "000001D8F78EBEC7",
        "fullName": "Göteborg",
        "country": "Sweden"
    },
    {
        "idName": "city.graz",
        "token": "00000000001E66A5",
        "fullName": "Graz",
        "country": "Austria"
    },
    {
        "idName": "city.grimsby",
        "token": "00000018C5A8475D",
        "fullName": "Grimsby",
        "country": "Uk"
    },
    {
        "idName": "city.groningen",
        "token": "0000608324C0CB6D",
        "fullName": "Groningen",
        "country": "Netherlands"
    },
    {
        "idName": "city.hamburg",
        "token": "0000000C730CED40",
        "fullName": "Hamburg",
        "country": "Germany"
    },
    {
        "idName": "city.hannover",
        "token": "000002F505E877A4",
        "fullName": "Hannover",
        "country": "Germany"
    },
    {
        "idName": "city.harwich",
        "token": "0000000CDE40928C",
        "fullName": "Harwich",
        "country": "Uk"
    },
    {
        "idName": "city.helsingborg",
        "token": "018C0187B66FDCCC",
        "fullName": "Helsingborg",
        "country": "Sweden"
    },
    {
        "idName": "city.hirtshals",
        "token": "000074FECDD0B774",
        "fullName": "Hirtshals",
        "country": "Denmark"
    },
    {
        "idName": "city.hull",
        "token": "000000000012EC54",
        "fullName": "Hull",
        "country": "Uk"
    },
    {
        "idName": "city.ijmuiden",
        "token": "0000028A215FDC9F",
        "fullName": "IJmuiden",
        "country": "Netherlands"
    },
    {
        "idName": "city.innsbruck",
        "token": "0000547ADA17E87B",
        "fullName": "Innsbruck",
        "country": "Austria"
    },
    {
        "idName": "city.jonkoping",
        "token": "000045C63EECF872",
        "fullName": "Jönköping",
        "country": "Sweden"
    },
    {
        "idName": "city.kalmar",
        "token": "0000000085AEA5E7",
        "fullName": "Kalmar",
        "country": "Sweden"
    },
    {
        "idName": "city.karlskrona",
        "token": "0006D67A483E3467",
        "fullName": "Karlskrona",
        "country": "Sweden"
    },
    {
        "idName": "city.kassel",
        "token": "0000000069DCE573",
        "fullName": "Kassel",
        "country": "Germany"
    },
    {
        "idName": "city.katowice",
        "token": "000001991279EF77",
        "fullName": "Katowice",
        "country": "Poland"
    },
    {
        "idName": "city.kiel",
        "token": "000000000012C313",
        "fullName": "Kiel",
        "country": "Germany"
    },
    {
        "idName": "city.klagenfurt",
        "token": "00120DE301336CAD",
        "fullName": "Klagenfurt am Wörthersee",
        "country": "Austria"
    },
    {
        "idName": "city.kobenhavn",
        "token": "00006243B31D7BA3",
        "fullName": "København",
        "country": "Denmark"
    },
    {
        "idName": "city.koln",
        "token": "0000000000149823",
        "fullName": "Köln",
        "country": "Germany"
    },
    {
        "idName": "city.kosice",
        "token": "000000004885AB57",
        "fullName": "Košice",
        "country": "Slovakia"
    },
    {
        "idName": "city.krakow",
        "token": "000000009F075671",
        "fullName": "Kraków",
        "country": "Poland"
    },
    {
        "idName": "city.kristiansand",
        "token": "30785253E0B11621",
        "fullName": "Kristiansand",
        "country": "Norway"
    },
    {
        "idName": "city.larochelle",
        "token": "0009274612D60190",
        "fullName": "La Rochelle",
        "country": "France"
    },
    {
        "idName": "city.laurent",
        "token": "000000157B4776A4",
        "fullName": "Saint-Laurent",
        "country": "France"
    },
    {
        "idName": "city.lehavre",
        "token": "0000000B0C3D4FE0",
        "fullName": "Le Havre",
        "country": "France"
    },
    {
        "idName": "city.leipzig",
        "token": "0000000C49365A0C",
        "fullName": "Leipzig",
        "country": "Germany"
    },
    {
        "idName": "city.lemans",
        "token": "000000008BFB4634",
        "fullName": "Le Mans",
        "country": "France"
    },
    {
        "idName": "city.liege",
        "token": "0000000001EBD34C",
        "fullName": "Liège",
        "country": "Belgium"
    },
    {
        "idName": "city.lille",
        "token": "0000000001F02A80",
        "fullName": "Lille",
        "country": "France"
    },
    {
        "idName": "city.limoges",
        "token": "000000149D8BE02C",
        "fullName": "Limoges",
        "country": "France"
    },
    {
        "idName": "city.linkoping",
        "token": "000045C63EECF790",
        "fullName": "Linköping",
        "country": "Sweden"
    },
    {
        "idName": "city.linz",
        "token": "00000000001EAEA8",
        "fullName": "Linz",
        "country": "Austria"
    },
    {
        "idName": "city.liverpool",
        "token": "000059AA96CDE9D0",
        "fullName": "Liverpool",
        "country": "Uk"
    },
    {
        "idName": "city.livorno",
        "token": "00000011FB8E6100",
        "fullName": "Livorno",
        "country": "Italy"
    },
    {
        "idName": "city.lodz",
        "token": "00000000001E7724",
        "fullName": "Łódź",
        "country": "Poland"
    },
    {
        "idName": "city.london",
        "token": "000000007480778C",
        "fullName": "London",
        "country": "Uk"
    },
    {
        "idName": "city.lublin",
        "token": "0000000073C80120",
        "fullName": "Lublin",
        "country": "Poland"
    },
    {
        "idName": "city.luxembourg",
        "token": "000A6C7D455BE950",
        "fullName": "Luxembourg",
        "country": "Luxembourg"
    },
    {
        "idName": "city.lyon",
        "token": "000000000014AA8C",
        "fullName": "Lyon",
        "country": "France"
    },
    {
        "idName": "city.magdeburg",
        "token": "00004638F3EE339D",
        "fullName": "Magdeburg",
        "country": "Germany"
    },
    {
        "idName": "city.malmo",
        "token": "00000000032F2A49",
        "fullName": "Malmö",
        "country": "Sweden"
    },
    {
        "idName": "city.manchester",
        "token": "0010ADE2AE7AF591",
        "fullName": "Manchester",
        "country": "Uk"
    },
    {
        "idName": "city.mannheim",
        "token": "00000272501CF759",
        "fullName": "Mannheim",
        "country": "Germany"
    },
    {
        "idName": "city.marseille",
        "token": "00003DAA566F5831",
        "fullName": "Marseille",
        "country": "France"
    },
    {
        "idName": "city.messina",
        "token": "0000000829EDE7CD",
        "fullName": "Messina",
        "country": "Italy"
    },
    {
        "idName": "city.metz",
        "token": "00000000001ECFE9",
        "fullName": "Metz",
        "country": "France"
    },
    {
        "idName": "city.milano",
        "token": "0000000079171FA9",
        "fullName": "Milano",
        "country": "Italy"
    },
    {
        "idName": "city.montpellier",
        "token": "0279A370FD69E23D",
        "fullName": "Montpellier",
        "country": "France"
    },
    {
        "idName": "city.munchen",
        "token": "000000111C4D7549",
        "fullName": "München",
        "country": "Germany"
    },
    {
        "idName": "city.nantes",
        "token": "000000008AECDA3A",
        "fullName": "Nantes",
        "country": "France"
    },
    {
        "idName": "city.napoli",
        "token": "000000005C8D197A",
        "fullName": "Napoli",
        "country": "Italy"
    },
    {
        "idName": "city.newcastle",
        "token": "00003DB020D710FE",
        "fullName": "Newcastle-upon-Tyne",
        "country": "Uk"
    },
    {
        "idName": "city.nice",
        "token": "00000000000CDB66",
        "fullName": "Nice",
        "country": "France"
    },
    {
        "idName": "city.nurnberg",
        "token": "000001D8C85BE9C2",
        "fullName": "Nürnberg",
        "country": "Germany"
    },
    {
        "idName": "city.nynashamn",
        "token": "00006153F26C5342",
        "fullName": "Nynäshamn",
        "country": "Sweden"
    },
    {
        "idName": "city.odense",
        "token": "000000004A869B79",
        "fullName": "Odense",
        "country": "Denmark"
    },
    {
        "idName": "city.olsztyn",
        "token": "000000117C534651",
        "fullName": "Olsztyn",
        "country": "Poland"
    },
    {
        "idName": "city.orebro",
        "token": "000000007997141D",
        "fullName": "Örebro",
        "country": "Sweden"
    },
    {
        "idName": "city.oslo",
        "token": "0000000000156F17",
        "fullName": "Oslo",
        "country": "Norway"
    },
    {
        "idName": "city.osnabruck",
        "token": "0000547ADA08D70F",
        "fullName": "Osnabrück",
        "country": "Germany"
    },
    {
        "idName": "city.ostrava",
        "token": "000000084EB6D3AF",
        "fullName": "Ostrava",
        "country": "Czech"
    },
    {
        "idName": "city.palermo",
        "token": "00000011F6CCBF9C",
        "fullName": "Palermo",
        "country": "Italy"
    },
    {
        "idName": "city.paluel",
        "token": "0000000069DE6AAC",
        "fullName": "Paluel",
        "country": "France"
    },
    {
        "idName": "city.paris",
        "token": "0000000003AB3704",
        "fullName": "Paris",
        "country": "France"
    },
    {
        "idName": "city.parma",
        "token": "000000000171DD44",
        "fullName": "Parma",
        "country": "Italy"
    },
    {
        "idName": "city.pecs",
        "token": "00000000001893A0",
        "fullName": "Pécs",
        "country": "Hungary"
    },
    {
        "idName": "city.pescara",
        "token": "000000083BC61B50",
        "fullName": "Pescara",
        "country": "Italy"
    },
    {
        "idName": "city.plymouth",
        "token": "000001F5202B1762",
        "fullName": "Plymouth",
        "country": "Uk"
    },
    {
        "idName": "city.poznan",
        "token": "0000000072CBABD0",
        "fullName": "Poznań",
        "country": "Poland"
    },
    {
        "idName": "city.prague",
        "token": "000000004AC04CB6",
        "fullName": "Praha",
        "country": "Czech"
    },
    {
        "idName": "city.reims",
        "token": "0000000003AE5E3A",
        "fullName": "Reims",
        "country": "France"
    },
    {
        "idName": "city.rennes",
        "token": "000000008AE7D4C6",
        "fullName": "Rennes",
        "country": "France"
    },
    {
        "idName": "city.roma",
        "token": "000000000009BB56",
        "fullName": "Roma",
        "country": "Italy"
    },
    {
        "idName": "city.roscoff",
        "token": "0000000B862B5E6E",
        "fullName": "Roscoff",
        "country": "France"
    },
    {
        "idName": "city.rostock",
        "token": "0000000EF962B866",
        "fullName": "Rostock",
        "country": "Germany"
    },
    {
        "idName": "city.rotterdam",
        "token": "00005C22415CF8CA",
        "fullName": "Rotterdam",
        "country": "Netherlands"
    },
    {
        "idName": "city.salzburg",
        "token": "000001D913F65717",
        "fullName": "Salzburg",
        "country": "Austria"
    },
    {
        "idName": "city.sangiovanni",
        "token": "01B6407608BDDB07",
        "fullName": "Villa San Giovanni",
        "country": "Italy"
    },
    {
        "idName": "city.sheffield",
        "token": "000039B121A629C5",
        "fullName": "Sheffield",
        "country": "Uk"
    },
    {
        "idName": "city.sodertalje",
        "token": "00091F5AE643BEB3",
        "fullName": "Södertälje",
        "country": "Sweden"
    },
    {
        "idName": "city.southampton",
        "token": "022675FCC0A26AFF",
        "fullName": "Southampton",
        "country": "Uk"
    },
    {
        "idName": "city.stavanger",
        "token": "0000705456352B0D",
        "fullName": "Stavanger",
        "country": "Norway"
    },
    {
        "idName": "city.stockholm",
        "token": "00005D4ED1A6855D",
        "fullName": "Stockholm",
        "country": "Sweden"
    },
    {
        "idName": "city.strasbourg",
        "token": "000A6C7D46175459",
        "fullName": "Strasbourg",
        "country": "France"
    },
    {
        "idName": "city.stuttgart",
        "token": "00007992EC0624BD",
        "fullName": "Stuttgart",
        "country": "Germany"
    },
    {
        "idName": "city.suzzara",
        "token": "000000083BD98717",
        "fullName": "Suzzara",
        "country": "Italy"
    },
    {
        "idName": "city.swansea",
        "token": "0000000800A6347F",
        "fullName": "Swansea",
        "country": "Uk"
    },
    {
        "idName": "city.szczecin",
        "token": "0000028CEA0882B9",
        "fullName": "Szczecin",
        "country": "Poland"
    },
    {
        "idName": "city.szeged",
        "token": "00000000440A4B19",
        "fullName": "Szeged",
        "country": "Hungary"
    },
    {
        "idName": "city.taranto",
        "token": "0000001217597E78",
        "fullName": "Taranto",
        "country": "Italy"
    },
    {
        "idName": "city.terni",
        "token": "0000000002713CB8",
        "fullName": "Terni",
        "country": "Italy"
    },
    {
        "idName": "city.torino",
        "token": "00000000791DF52C",
        "fullName": "Torino",
        "country": "Italy"
    },
    {
        "idName": "city.toulouse",
        "token": "000001A481993430",
        "fullName": "Toulouse",
        "country": "France"
    },
    {
        "idName": "city.trelleborg",
        "token": "000A6BD4602B07F2",
        "fullName": "Trelleborg",
        "country": "Sweden"
    },
    {
        "idName": "city.uppsala",
        "token": "000000081F7D3F4B",
        "fullName": "Uppsala",
        "country": "Sweden"
    },
    {
        "idName": "city.vasteraas",
        "token": "000073D9F299FC56",
        "fullName": "Västerås",
        "country": "Sweden"
    },
    {
        "idName": "city.vaxjo",
        "token": "00000000032CEAFA",
        "fullName": "Växjö",
        "country": "Sweden"
    },
    {
        "idName": "city.venezia",
        "token": "000000081461CB02",
        "fullName": "Venezia",
        "country": "Italy"
    },
    {
        "idName": "city.verona",
        "token": "0000000037048482",
        "fullName": "Verona",
        "country": "Italy"
    },
    {
        "idName": "city.warszawa",
        "token": "0000013C639854CB",
        "fullName": "Warszawa",
        "country": "Poland"
    },
    {
        "idName": "city.wien",
        "token": "0000000000146FCF",
        "fullName": "Wien",
        "country": "Austria"
    },
    {
        "idName": "city.wroclaw",
        "token": "000000175919CD85",
        "fullName": "Wrocław",
        "country": "Poland"
    },
    {
        "idName": "city.zurich",
        "token": "0000000056B0BFC6",
        "fullName": "Zürich",
        "country": "Switzerland"
    }
]